environment,run_id,timestamp,elapsed_s,phase,cpu_pct,target_cpu_pct,hpa_replicas,hpa_min_replicas,hpa_max_replicas,php_running,php_pending,php_total,load_running,load_pending,load_total
eks,hpa_timeline_20260826_010657,2026-08-26 01:06:58,0,active_load,8,50,1,1,10,1,0,1,0,3,3
eks,hpa_timeline_20260826_010657,2026-08-26 01:07:15,17,active_load,9,50,1,1,10,1,0,1,2,1,3
eks,hpa_timeline_20260826_010657,2026-08-26 01:07:30,32,active_load,116,50,1,1,10,1,2,3,3,0,3
eks,hpa_timeline_20260826_010657,2026-08-26 01:07:48,50,active_load,248,50,3,1,10,1,4,5,3,0,3
eks,hpa_timeline_20260826_010657,2026-08-26 01:08:04,66,active_load,185,50,5,1,10,1,4,5,3,0,3
eks,hpa_timeline_20260826_010657,2026-08-26 01:08:20,82,active_load,210,50,5,1,10,1,4,5,3,0,3
eks,hpa_timeline_20260826_010657,2026-08-26 01:08:37,99,active_load,250,50,5,1,10,1,4,5,3,0,3
eks,hpa_timeline_20260826_010657,2026-08-26 01:08:53,115,active_load,186,50,5,1,10,1,4,5,3,0,3
eks,hpa_timeline_20260826_010657,2026-08-26 01:09:10,132,active_load,199,50,5,1,10,1,4,5,3,0,3
eks,hpa_timeline_20260826_010657,2026-08-26 01:09:27,149,active_load,249,50,5,1,10,1,4,5,3,0,3
eks,hpa_timeline_20260826_010657,2026-08-26 01:09:44,166,active_load,250,50,5,1,10,1,4,5,3,0,3
eks,hpa_timeline_20260826_010657,2026-08-26 01:10:00,182,active_load,249,50,5,1,10,1,4,5,3,0,3
eks,hpa_timeline_20260826_010657,2026-08-26 01:10:17,199,active_load,245,50,5,1,10,1,4,5,3,0,3
eks,hpa_timeline_20260826_010657,2026-08-26 01:10:33,215,active_load,181,50,5,1,10,1,4,5,3,0,3
eks,hpa_timeline_20260826_010657,2026-08-26 01:10:50,232,active_load,250,50,5,1,10,1,4,5,3,0,3
eks,hpa_timeline_20260826_010657,2026-08-26 01:11:08,250,post_load,251,50,5,1,10,1,4,5,0,0,3
eks,hpa_timeline_20260826_010657,2026-08-26 01:11:25,267,post_load,234,50,5,1,10,1,4,5,0,0,3
eks,hpa_timeline_20260826_010657,2026-08-26 01:11:41,283,post_load,249,50,5,1,10,1,1,5,0,0,0
eks,hpa_timeline_20260826_010657,2026-08-26 01:11:58,300,post_load,250,50,5,1,10,1,1,5,0,0,0
eks,hpa_timeline_20260826_010657,2026-08-26 01:12:14,316,post_load,22,50,5,1,10,1,1,5,0,0,0
eks,hpa_timeline_20260826_010657,2026-08-26 01:12:31,333,post_load,10,50,5,1,10,4,1,5,0,0,0
eks,hpa_timeline_20260826_010657,2026-08-26 01:12:47,349,post_load,9,50,5,1,10,4,1,5,0,0,0
eks,hpa_timeline_20260826_010657,2026-08-26 01:13:05,367,post_load,7,50,5,1,10,4,1,5,0,0,0
eks,hpa_timeline_20260826_010657,2026-08-26 01:13:21,383,post_load,9,50,5,1,10,4,1,5,0,0,0
eks,hpa_timeline_20260826_010657,2026-08-26 01:13:38,400,post_load,9,50,5,1,10,4,1,5,0,0,0
eks,hpa_timeline_20260826_010657,2026-08-26 01:13:54,416,post_load,7,50,5,1,10,4,1,5,0,0,0
eks,hpa_timeline_20260826_010657,2026-08-26 01:14:11,433,post_load,8,50,5,1,10,4,1,5,0,0,0
eks,hpa_timeline_20260826_010657,2026-08-26 01:14:27,449,post_load,10,50,5,1,10,4,1,5,0,0,0
eks,hpa_timeline_20260826_010657,2026-08-26 01:14:45,467,post_load,8,50,5,1,10,4,1,5,0,0,0
eks,hpa_timeline_20260826_010657,2026-08-26 01:15:00,482,post_load,7,50,5,1,10,4,1,5,0,0,0
eks,hpa_timeline_20260826_010657,2026-08-26 01:15:17,499,post_load,9,50,5,1,10,4,1,5,0,0,0
eks,hpa_timeline_20260826_010657,2026-08-26 01:15:33,515,post_load,8,50,5,1,10,4,1,5,0,0,0
eks,hpa_timeline_20260826_010657,2026-08-26 01:15:51,533,post_load,8,50,5,1,10,4,1,5,0,0,0
eks,hpa_timeline_20260826_010657,2026-08-26 01:16:07,549,post_load,8,50,5,1,10,4,1,5,0,0,0
eks,hpa_timeline_20260826_010657,2026-08-26 01:16:25,567,post_load,8,50,5,1,10,4,1,5,0,0,0
eks,hpa_timeline_20260826_010657,2026-08-26 01:16:41,583,post_load,9,50,5,1,10,4,1,5,0,0,0
eks,hpa_timeline_20260826_010657,2026-08-26 01:16:59,601,post_load,10,50,1,1,10,4,1,5,0,0,0
